country,gdesc,kdp_1mo,kdp_3mo,kdp_6mo,kdp_1yr,kdp_2yr,kdp_3yr,kdp_4yr,kdp_5yr,kdp_7yr,kdp_10yr,Cluster
AUT,Communications,0.0013350503937007874,0.0014607305511811024,0.0016805337007874015,0.0021679773228346455,0.0031302296850393703,0.0037300769291338585,0.0041774718897637795,0.004498670472440945,0.0049672896850393704,0.005329784409448819,1
AUT,Cons Disc,0.005226729017632241,0.005421953627204031,0.005754425516372797,0.006329488727959697,0.007084059647355164,0.007460480730478589,0.0076918267380352645,0.007818759748110832,0.007981530465994962,0.008069451460957179,1
AUT,Cons Stap,0.002779759551934827,0.003060179368635438,0.003493558085539715,0.004330026374745418,0.005613338920570265,0.006353630896130346,0.006847472851323829,0.00717239733197556,0.007594759572301425,0.007883896130346232,1
AUT,Energy,0.002712116773255814,0.00301599136627907,0.0034774359593023256,0.0043587,0.005674188924418604,0.006424163924418604,0.0069219638372093025,0.0072475243895348835,0.007669400029069767,0.007966269912790699,1
AUT,Financials,0.007156098583629894,0.00722085084697509,0.007478817195729536,0.007932844099644128,0.008434853409252669,0.008563959580071175,0.00858834343772242,0.00853717975088968,0.008447990790035588,0.008333792555160141,1
AUT,Health Care,0.009124321157024792,0.009283058842975206,0.009477624462809918,0.009729718677685949,0.010060969338842976,0.010213317685950412,0.010278155041322314,0.010274690909090908,0.010243332975206612,0.010140765537190082,1
AUT,Industrials,0.004200959570383912,0.0044704486791590494,0.0048735807952468005,0.00557217047989031,0.006531713797989031,0.007043010914076783,0.007368629131627056,0.00756498718464351,0.007817046467093237,0.007971487225776966,1
AUT,Info Tech,0.0027884159077809795,0.003090412233429394,0.003547571023054755,0.00441154750720461,0.005689965979827089,0.006435883097982709,0.006940044005763688,0.0072777032132564845,0.007720557867435159,0.008034470691642651,1
AUT,Materials,0.004127633530726257,0.004373445832402235,0.004734520782122905,0.0053544994748603355,0.006220280782122905,0.006694444335195531,0.007006962681564245,0.007202262770949721,0.007463208145251397,0.007634249776536313,1
AUT,Real Estate,0.001956259540942928,0.0021113897146401986,0.002374749416873449,0.0029272285732009923,0.003919816017369727,0.004522958312655087,0.004960628933002482,0.005268913933002482,0.0057095484243176176,0.00604118705955335,1
AUT,Utilities,0.007613066023255814,0.007213277813953489,0.006814000604651163,0.006399305348837209,0.006487361906976744,0.006636978860465117,0.0067878706744186074,0.0068948242325581385,0.007082639139534884,0.007182641209302326,1
BEL,Communications,0.004745945596330276,0.004981104327217127,0.005317127431192661,0.005878900443425077,0.006671219938837923,0.007086738425076452,0.0073505736085626916,0.007504387232415904,0.0077064455810397555,0.007822531039755352,1
BEL,Cons Disc,0.009965981480769232,0.00960742196153846,0.009268471211538459,0.008844902596153847,0.008644409673076925,0.008590959730769229,0.00858188573076923,0.008562640673076924,0.00856409001923077,0.008511070076923076,1
BEL,Cons Stap,0.0022892318113207546,0.002498487169811321,0.002810240201257862,0.0033981985597484276,0.00435285048427673,0.00493941355345912,0.005366248691823899,0.005670329377358491,0.006104283257861635,0.006427220012578616,1
BEL,Energy,0.0024645676666666667,0.0027061167777777777,0.0030978255555555553,0.0038789425833333333,0.005120615833333333,0.005830914638888889,0.0063091371388888885,0.006623705027777778,0.007040392416666667,0.007339399972222222,1
BEL,Financials,0.004071818625134263,0.00425977298603652,0.004553375558539205,0.005061549044038668,0.0057897739044038676,0.006198518464017186,0.006480517099892589,0.006666851444683136,0.006932471954887218,0.007108066160042965,1
BEL,Health Care,0.007023583142422707,0.007310944642676126,0.007701628596046633,0.008329441829700959,0.009115724105423214,0.0095455020729853,0.009800001723264068,0.009938126163203241,0.010087244292954893,0.010127000212873796,1
BEL,Industrials,0.005327772469018112,0.005589501005719733,0.005986064933269779,0.006633882349857007,0.007428187588179218,0.007824359938036223,0.008062062940896092,0.008189762588179219,0.008344677545281221,0.008421239461391802,1
BEL,Info Tech,0.0030224331922723093,0.0033508048298068077,0.003815892778288869,0.0046663928242870285,0.005899110873965041,0.0066229129990800365,0.007110325758969641,0.007437821021159153,0.007866551987120515,0.00815979009199632,1
BEL,Materials,0.005091167515960533,0.005299687150319212,0.005619705060940221,0.006159315681950087,0.006892852727800347,0.00728075780034823,0.007528527858386535,0.007673377063261753,0.007863842484039466,0.007972475374347069,1
BEL,Real Estate,0.0015822406896551721,0.0017484321065830723,0.0020176541536050157,0.002579760072100314,0.0035968368401253924,0.004232889144200628,0.004701434554858934,0.0050379012633228835,0.005520059451410658,0.0058875007899686525,1
BEL,Utilities,0.002597701685393258,0.0027744023595505617,0.00305037595505618,0.0036274820224719098,0.004697094943820225,0.005351748988764045,0.005815408258426966,0.006134034382022472,0.006573603089887641,0.006885385337078651,1
CHE,Communications,0.007738996859361516,0.007897407290767903,0.008120388559102671,0.00852383642795513,0.009193864538395168,0.0095515607679033665,0.009751151104400346,0.009841485746333046,0.009929242355478861,0.009899179370146678,1
CHE,Cons Disc,0.00313574770691334,0.0033386768500486843,0.0036483262706913347,0.00423276046738072,0.005175492857838364,0.005756529518013633,0.006174309026290166,0.006466873286270691,0.006876194897760468,0.007172414625121713,1
CHE,Cons Stap,0.0025596593419267306,0.002678439701492537,0.002883151804613298,0.0033307005970149256,0.004185845379918589,0.0047442611804613295,0.005165093738127544,0.0054721321438263235,0.005917781200814111,0.006251826777476255,1
CHE,Energy,0.02494863980769231,0.024288537664835165,0.023496086840659344,0.022287877884615385,0.02117796445054945,0.02032954521978022,0.019573580961538464,0.01886394771978022,0.01781164291208791,0.01669147217032967,2
CHE,Financials,0.0044639139194915245,0.00464005772094431,0.004982315245157386,0.005587297030871671,0.006376951203087167,0.006739948633474576,0.0069562630826271185,0.007068173081113802,0.0072150474833535105,0.007298968694007264,1
CHE,Health Care,0.0066415062049799915,0.006765248365940418,0.006930922625611384,0.007240725286794132,0.007852982992441086,0.00826904683637172,0.008563090618052467,0.008759331427301023,0.009021559968875055,0.0091545997843486,1
CHE,Industrials,0.0020374830218368657,0.002194894866730893,0.0024402375449582535,0.0029504487202954397,0.0039067013359023765,0.00453688486512524,0.005014101979768786,0.005366154625883109,0.005874671148041105,0.006260094661207451,1
CHE,Info Tech,0.011327822185686655,0.010956833856866537,0.01056775528433269,0.010062520688588006,0.009826091880077369,0.00975570421663443,0.009721550007736944,0.009674149052224372,0.00962382389941973,0.009498718460348162,1
CHE,Materials,0.00657941155447942,0.0066367978208232425,0.00676590649394673,0.007025440382566587,0.007506986455205811,0.007806383961259079,0.008014742276029056,0.008143822237288136,0.008322354464891041,0.008410440300242131,1
CHE,Real Estate,0.0072153276591154294,0.007330582283351312,0.007527085257101761,0.0077541484573894265,0.007910226673858326,0.007931703290183388,0.007925960212153901,0.007886240327220425,0.00783985275440489,0.007762033649766272,1
CHE,Utilities,0.002028842738853503,0.002219975044585987,0.002527822942675159,0.0031577139872611465,0.004259255834394905,0.004928286038216561,0.005404211554140127,0.005735539082802548,0.006196841375796178,0.006531504420382165,1
CYP,Communications,0.0038295396913580245,0.004158976296296296,0.004615619876543209,0.005389576172839506,0.006414027407407407,0.006954595123456789,0.00728910975308642,0.007490008703703704,0.00774267901234568,0.007880228024691358,1
CYP,Cons Disc,0.007155624956405097,0.007557099483568075,0.008204329470154259,0.009173066472166331,0.009963430409121395,0.010202443702213279,0.01026225686787391,0.010220009034205231,0.0101071530583501,0.009961654929577464,1
CYP,Cons Stap,0.005441869519056262,0.00559788390199637,0.005882315544464609,0.006434996642468239,0.007270070372050816,0.0077187618602540834,0.007998459664246824,0.008158118947368422,0.008355148357531761,0.008460745716878403,1
CYP,Energy,0.014625763528265103,0.01513575177387914,0.015724425614035087,0.016164016842105264,0.01574779076023392,0.015258633313840156,0.014789861033138401,0.014352059454191032,0.013687945692007797,0.013049188538011696,2
CYP,Financials,0.009919815761092153,0.010002692737201368,0.010197682191126283,0.010487781931740615,0.010751390873720136,0.01077052285324232,0.010709305474402731,0.010592716122866892,0.010399903337883959,0.010162418846416383,1
CYP,Industrials,0.008077892605363984,0.00795396766283525,0.007925310153256706,0.008051005938697318,0.008493056819923371,0.00872122908045977,0.008843271264367816,0.008880438467432951,0.008909661800766284,0.008862297318007663,1
CYP,Info Tech,0.005837054742857144,0.006192176485714285,0.006727230914285714,0.007505001314285713,0.008171221114285714,0.008406816800000001,0.00850547902857143,0.0085184332,0.0085119518,0.008466276399999998,1
CYP,Materials,0.00229634876376989,0.002543112227662179,0.00292834394124847,0.003686650807833537,0.004887278482252142,0.005594990501835985,0.006082105948592411,0.006412746462668298,0.0068580830966952265,0.007180908629130967,1
CYP,Real Estate,0.005965028861454047,0.00632571341563786,0.006898682757201647,0.0078123997393689994,0.008733081673525376,0.009104682373113853,0.009278569451303155,0.009331948943758574,0.009358740096021948,0.00932831843621399,1
DEU,Communications,0.007447011908352669,0.007521700473704563,0.007684063474477958,0.008023075914539829,0.008596051403712297,0.008909231258700696,0.009095821241299304,0.00918848469837587,0.009293957608275328,0.009306867097834494,1
DEU,Cons Disc,0.014010742972076306,0.013796846924707402,0.013613875150677357,0.01330962698737444,0.012936701528891346,0.01264326646207723,0.012379812247719104,0.01211918857708967,0.011734087990968575,0.011325731334439221,2
DEU,Cons Stap,0.004509375782894737,0.004725078756578947,0.005056406358552631,0.005687913805921053,0.0066760676743421055,0.007250124855263158,0.0076297563618421054,0.007872127641447367,0.00818440878618421,0.008378863483552632,1
DEU,Energy,0.021734987449908934,0.020683921994535528,0.019565834526411658,0.01793180637522769,0.016290320737704925,0.015373049553734058,0.014723676775956292,0.01419473426229508,0.013471943360655736,0.01277320161202186,2
DEU,Financials,0.007781529835201055,0.007896438067732367,0.008111854056526037,0.008491709755273566,0.009044158735168095,0.009319064718193803,0.00947002685151615,0.009530628693144364,0.009588975957481873,0.009557774645682268,1
DEU,Health Care,0.006449379010859608,0.006592708798900958,0.0068040480609708204,0.007225746150726159,0.0080045630302237325,0.008493334349077588,0.008820276583802173,0.009027493837498362,0.009290333515635222,0.009419587583409656,1
DEU,Industrials,0.010967887468951814,0.010824552038623947,0.010744288422131145,0.010671142855191256,0.010690906533780435,0.010659664154247397,0.010599297199453551,0.010501341277322402,0.010348136115250872,0.010145908473671136,1
DEU,Info Tech,0.011699206012578615,0.011472679159452458,0.011269552848686649,0.011027111832038475,0.010971606782833892,0.010972574770995188,0.010959102591934887,0.010909718099889007,0.010826657849056606,0.010669049461339255,1
DEU,Materials,0.013119569285714297,0.012799583716883122,0.012494179379220777,0.012072581212987014,0.011771701958441566,0.011594879142857136,0.011445904033766236,0.01128670868311688,0.011054454340259742,0.01077178377142857,2
DEU,Real Estate,0.010787543525336233,0.010661218269256895,0.010588362692568942,0.010491583707376715,0.010432744790110042,0.010348511694063306,0.010253910777068331,0.010133790368156502,0.009957050400760767,0.009741147956799348,1
DEU,Utilities,0.003780610449561404,0.003939031661184211,0.004225413804824561,0.004796236765350877,0.0057198670449561395,0.006238747593201755,0.006588606217105264,0.006812436765350877,0.0071158885745614036,0.007323557516447369,1
DNK,Communications,0.003346468870056497,0.0037293074576271183,0.0042723867137476465,0.00525428972693032,0.006621560809792843,0.007408757043314501,0.007922403992467042,0.008257044161958568,0.008675802306967986,0.008950709698681733,1
DNK,Cons Disc,0.004366944318793753,0.004670645875067313,0.005107624846526656,0.005852266844372645,0.006839942633279483,0.007387621588583738,0.007743121491653204,0.007967024119547658,0.00825452592891761,0.008434111900915454,1
DNK,Cons Stap,0.0011059640783410139,0.0012477912096774194,0.0014779066129032258,0.0019914893433179725,0.003018370748847926,0.003701890702764977,0.0042249275230414746,0.004615246670506913,0.005182643790322581,0.005621547903225806,1
DNK,Energy,0.015917971129568106,0.016156144750830565,0.0165343892358804,0.016895615913621265,0.016685101860465117,0.016285457142857142,0.01584678631229236,0.015401035049833886,0.014697976943521594,0.01401934684385382,2
DNK,Financials,0.005297222938659058,0.005500436895863052,0.005903700661911555,0.006610374798858772,0.007478641803138374,0.007841205714693295,0.008029570972895863,0.008101072767475036,0.008172026890156918,0.00818610292724679,1
DNK,Health Care,0.002732842953325072,0.003014367075588599,0.003396998401486989,0.004167893515076413,0.005520809074762495,0.006429664052044612,0.007085313812474185,0.007560315398595622,0.008196198562577448,0.008638665832300704,1
DNK,Industrials,0.004109293336492891,0.004474146154028437,0.004981550175355449,0.005869480559241706,0.007073324928909953,0.0077504165995260655,0.008183356895734597,0.008456088400473932,0.008792298364928909,0.009001391793838862,1
DNK,Info Tech,0.0033497225976768744,0.003836892465681099,0.004475867940865893,0.005663492851108766,0.0074137524076029575,0.008476608495248152,0.009168111964097147,0.009626788289334743,0.010179436478352693,0.010520234730728618,1
DNK,Materials,0.0014065803656821377,0.0015258422222222225,0.0017201808016877637,0.0021673337271448665,0.003119163614627285,0.003777113769338959,0.00429269388185654,0.004684417144866385,0.0052603892545710264,0.00570746458509142,1
DNK,Real Estate,0.0056298685494327394,0.006015270056726094,0.006582757860615883,0.007483664003241493,0.008462591077795786,0.008905808306320907,0.009140364667747165,0.009244552277147489,0.009341788419773097,0.009360054408427878,1
DNK,Utilities,0.0013555316022099448,0.0015624824861878452,0.001879085359116022,0.002553579226519337,0.003781030718232044,0.00458245320441989,0.005173746961325967,0.0056050983977900554,0.006207859005524862,0.00666401453038674,1
ESP,Communications,0.003425203488072211,0.0037055985751128302,0.004116323758865248,0.0048387643778207605,0.005859836544165055,0.006432961315280464,0.00681528718891038,0.007063004306898775,0.0073924085428755644,0.007616268123791102,1
ESP,Cons Disc,0.004381230723032071,0.004446409230320699,0.00461222841399417,0.0049865903440233245,0.005692965685131195,0.006124345201166181,0.006435604460641399,0.006645968530612245,0.00694695152186589,0.007155009603498543,1
ESP,Cons Stap,0.006527117677286741,0.00681750327852004,0.007223408581706063,0.007781960513874616,0.008273601469681398,0.008461178026721479,0.00854740228160329,0.00856416834532374,0.008574110596094553,0.008533102836587873,1
ESP,Energy,0.004919169775280899,0.00522954936329588,0.005752209475655431,0.00664686468164794,0.0076845550187265915,0.008133474868913857,0.00836901052434457,0.008469193707865169,0.008566896367041199,0.008601509700374531,1
ESP,Financials,0.005291497772486773,0.0055086049788359796,0.005918018634920635,0.0065782201534391556,0.007275740735449735,0.00754563665079365,0.007683818582010582,0.00773202244973545,0.0077875531798941786,0.00779889465079365,1
ESP,Health Care,0.002237255543534261,0.0024575756465739303,0.002782436944873776,0.003431529448737764,0.004543426501803194,0.005257408820195775,0.005777289402369912,0.0061516967181865015,0.006672301535291087,0.007054483590932509,1
ESP,Industrials,0.005734864723092999,0.006040959874608153,0.006500942008881922,0.007238071632706375,0.008069863644200625,0.008449751057993731,0.00865516621473354,0.008746580953500524,0.008839264647335423,0.008860002249216301,1
ESP,Info Tech,0.003342170819366853,0.003589652104283054,0.003963948640595903,0.004663886210428305,0.005728642616387337,0.0063569057541899435,0.006786983342644321,0.007075240409683427,0.007460511936685289,0.007728207588454376,1
ESP,Materials,0.0039815450435413645,0.004226732917271408,0.004611650145137881,0.0052913974238026126,0.006210407467343977,0.0067009800507982584,0.007019390849056604,0.007216456291727141,0.007477599013062409,0.007650274651669085,1
ESP,Real Estate,0.0026032947827041276,0.0027660857594381063,0.003013196437664622,0.0034627469337137843,0.004198954892449515,0.004647377429762952,0.004980603726953468,0.005218138533801581,0.005570796633011414,0.005833900147058823,1
ESP,Utilities,0.0024242154507628294,0.00266689633148405,0.003039658009708738,0.003765764264909847,0.00492539685852982,0.005599719944521498,0.0060605018307905685,0.006368394424410541,0.006782769167822469,0.007080181393897365,1
EST,Communications,0.00147209675,0.0016367466666666667,0.00190832425,0.0024943195,0.003586420083333333,0.004267753166666667,0.004766489166666667,0.005121999833333333,0.0056268715,0.006012013166666667,1
EST,Cons Disc,0.00542407936231884,0.005501982347826086,0.005634342521739131,0.0058927666956521746,0.00640675915942029,0.0067533629275362324,0.007013865652173913,0.007195655014492754,0.007460815536231884,0.00763037252173913,1
EST,Cons Stap,0.0016770712891986063,0.0018342729616724737,0.002093590418118467,0.002628727212543554,0.0035900302439024387,0.004193566411149826,0.0046430064459930314,0.004968711045296167,0.005440608919860627,0.0058019795470383275,1
EST,Financials,0.006017224362416107,0.006160480268456376,0.006437034093959732,0.006880564630872483,0.007442612281879195,0.007636495570469799,0.007719285033557047,0.00771880932885906,0.00770648067114094,0.007656600604026845,1
EST,Industrials,0.0033312627146814405,0.0035860467174515234,0.003959989930747923,0.004591089279778394,0.005442647894736842,0.0059078809972299175,0.006221047936288089,0.006423191149584487,0.006702753227146815,0.006896868545706371,1
EST,Info Tech,8.785382653061224e-4,0.0010768332653061225,0.0013757168367346938,0.0020544612244897957,0.00338678693877551,0.0043308420408163266,0.00505075081632653,0.005597587040816326,0.006362529183673469,0.006941726530612245,1
EST,Real Estate,0.004357523172588833,0.004719946269035533,0.005274247258883249,0.006230999746192893,0.007399479543147208,0.007961636598984773,0.008283576243654823,0.008453223197969543,0.008642501751269035,0.008746013959390862,1
EST,Utilities,5.781259756097561e-4,6.545637804878049e-4,7.850207317073171e-4,0.0011027710365853658,0.0018577918292682926,0.002395971036585366,0.0028396021951219512,0.003188393536585366,0.003726012926829268,0.004157529634146341,1
FIN,Communications,0.0024167997769516726,0.002667186328996282,0.003021011960966543,0.003681955074349442,0.004746274210037174,0.0054088859386617096,0.005884796059479554,0.006221865492565056,0.006690001468401487,0.007031037685873606,1
FIN,Cons Disc,0.003179757795311091,0.00343999434625789,0.003844916064021641,0.0046108481514878265,0.005753037353471596,0.006406568223624887,0.00684562619927863,0.007134475247971145,0.007516410446348061,0.0077833504463480615,1
FIN,Cons Stap,0.001720650960334029,0.001882403350730689,0.0021557857411273486,0.002731794446764092,0.0037706869832985386,0.0044131412108559505,0.004883530229645094,0.005218985563674321,0.005697956565762004,0.006062384405010439,1
FIN,Energy,7.587845833333333e-4,8.970456666666667e-4,0.00111660325,0.0016328228333333335,0.00273341325,0.0035173761666666666,0.004135599416666667,0.00461217375,0.00530558025,0.005846933,1
FIN,Financials,0.0032389679042331716,0.0034177578695350447,0.0037392986328938236,0.004345520617626648,0.005258692297015961,0.0057724364538514926,0.0061293465163081194,0.006367895301873699,0.0067029502637057595,0.006945523560027758,1
FIN,Health Care,0.006451785372297841,0.0065942450120096046,0.00681071306645316,0.007251437910328264,0.0080574282786229,0.008578362770216175,0.00893184326661329,0.009162110064051241,0.0094541624979984,0.00960860196957566,1
FIN,Industrials,0.0036998500736683034,0.0040022002587835285,0.0044517337854174535,0.005262600402342274,0.006398167782395164,0.007026187693615414,0.0074330414809217985,0.007689737716282584,0.008017588534189648,0.00823446705515678,1
FIN,Info Tech,0.0024006455028571434,0.0026767485828571433,0.003069894614285714,0.0038209172742857144,0.0050282038685714285,0.0057929226857142855,0.006339951245714286,0.006729379568571428,0.007260118808571429,0.0076437230999999994,1
FIN,Materials,0.0021297042664266425,0.002350703915391539,0.0026900204410441044,0.0033789743564356435,0.004550499630963096,0.005267478667866787,0.005775490513051305,0.006129559936993699,0.006616237893789379,0.006973694509450945,1
FIN,Real Estate,0.0019684102124183007,0.0021448598529411763,0.0024340119117647056,0.003027195261437909,0.004072492630718954,0.004691870816993464,0.0051319428594771245,0.0054343776633986925,0.005860363545751634,0.006178981421568627,1
FIN,Utilities,0.0024935089999999997,0.0026836499166666664,0.0030025440000000002,0.003615896333333334,0.004588935166666666,0.005154233666666667,0.005553740916666667,0.005826631166666667,0.006211688333333334,0.00649804025,1
FRA,Communications,0.006921780892226148,0.007195226657243816,0.007599816826855125,0.008276338517667845,0.009102640250883393,0.009500983180212011,0.009712061298586571,0.009802733922261485,0.00988057270671378,0.009868373770318023,1
FRA,Cons Disc,0.01021837488199467,0.010558072923486865,0.01102306520365436,0.011632516584507042,0.012024270402550436,0.012079164821088695,0.012010178179482297,0.011872655081842407,0.011621390102778835,0.011329272048915113,2
FRA,Cons Stap,0.007439424736117485,0.007632814118861865,0.007949675608077097,0.008409238359339143,0.008842779580082605,0.008998779210647085,0.009059624020192749,0.009051956539697108,0.009022880793942175,0.008945211154199174,1
FRA,Energy,0.010429145995989306,0.010583155855614973,0.010868457459893049,0.011310014852941176,0.01170326479946524,0.011813945695187166,0.011804328736631016,0.011719154217914439,0.011545186176470589,0.011315009251336898,2
FRA,Financials,0.005401618724995651,0.00564581363889372,0.00604159187858758,0.006672189255522705,0.007400589794746916,0.007712513144894763,0.00788011156548965,0.007949640874934771,0.008028539286832491,0.008046057740476606,1
FRA,Health Care,0.006880108665984659,0.007113351998976977,0.007450150459335039,0.008072118497186696,0.009002486495140658,0.009538261364705891,0.009866204759079289,0.010055479210230174,0.010267388254731462,0.010346858342710995,1
FRA,Industrials,0.006688265843259235,0.0069499116463090736,0.007338349040285258,0.007967074089977998,0.008704053485319777,0.00905154897428116,0.009236481009786817,0.009314267684545938,0.009385507679993929,0.009377154019421897,1
FRA,Info Tech,0.005888742403511427,0.0062429074224307525,0.006724961216891176,0.007516799495232328,0.008492084881186622,0.008994186045860452,0.009284148406992584,0.00943920321931285,0.009606731884365066,0.009666680476767065,1
FRA,Materials,0.005044532146160963,0.005432617287234042,0.005977822328862164,0.006886898441258095,0.007990736487049028,0.00855594768038853,0.008887173397317299,0.009071424974560592,0.00927754172987974,0.009376150520351527,1
FRA,Real Estate,0.007162954398850392,0.007406668491138433,0.007759770097397413,0.008312188398531055,0.00895061105380808,0.009220537510777583,0.009343516482516365,0.009370382819734952,0.009372688510298578,0.009300536747565065,1
FRA,Utilities,0.004480745176701571,0.004699772506544503,0.005052564162303665,0.005715217787958114,0.006703213992146598,0.007232478920157069,0.00756636632853403,0.007764972414921465,0.008015925909685865,0.008163472833769633,1
GBR,Communications,0.0056226072308404726,0.0059154804213938416,0.006326627519101644,0.0070128087624450105,0.00789721968163927,0.00838106949525353,0.008681416752720538,0.008858462420699237,0.009071511025700394,0.009178117872192637,1
GBR,Cons Disc,0.007311878161841645,0.007500007957546465,0.007792581199860481,0.008277429262544222,0.008892840081718072,0.0092056879774777,0.00938205741990134,0.009462884367930639,0.00954556623698241,0.009543028817579353,1
GBR,Cons Stap,0.003876002181792834,0.0041390814930991225,0.004518387636971977,0.005183575913843581,0.006139513205074584,0.006699483488080302,0.007080729760211904,0.007333956445002091,0.007672676728007807,0.007897446900878295,1
GBR,Energy,0.010509904562022818,0.011006071965355881,0.011643864891224041,0.012590727302356131,0.013503160706017567,0.013891910637057713,0.014023082987439456,0.014013172228060094,0.013883319458172564,0.013636367832690255,2
GBR,Financials,0.0043545571275522095,0.0045694257670211924,0.004897993813368526,0.0054693123488083195,0.0062857395893175984,0.006764380266671841,0.007094093042077478,0.00731403725060166,0.0076147670417669455,0.0078097418733017645,1
GBR,Health Care,0.005856088114462842,0.006105860650185226,0.006453539071595978,0.007127631265593104,0.008242367869509337,0.008951022361835639,0.00942239541317003,0.009731925351931655,0.010111166545701974,0.010316840610115672,1
GBR,Industrials,0.005466710049716729,0.005687400689867806,0.006023843337958144,0.006616043771534281,0.007442856825066483,0.00789898013797356,0.008189007188499632,0.008362040199637722,0.008579201082976837,0.008696803855937102,1
GBR,Info Tech,0.004546682556386871,0.0048404981579378515,0.005238155219813228,0.005958464950576156,0.007048132323739828,0.007710691267544099,0.008154907869586588,0.008449708105510349,0.008826827512970346,0.009058347056414177,1
GBR,Materials,0.00716475397272779,0.00764333897130142,0.008264651416100874,0.009265849090546015,0.010454991616363327,0.0110956916751298,0.011456263155702629,0.011648600701774404,0.011826105176014148,0.011853673065555998,1
GBR,Real Estate,0.0026489654038036265,0.0028197338053958425,0.0030842623927465726,0.003598737783281733,0.004479381460415746,0.005029968836797877,0.0054341959274657224,0.005722226007961079,0.0061352350287483415,0.006439391764705882,1
GBR,Utilities,0.00516753770825336,0.005466019581573897,0.0058989699385796545,0.00662705742034549,0.007558890894433781,0.008021353846449137,0.00828963457581574,0.008430519765834933,0.00859159554318618,0.008658433005758158,1
GRC,Communications,0.02255495331961591,0.023299627914952,0.024179078518518516,0.02462213144032923,0.02312132541838135,0.021740529245541842,0.02054171980795611,0.019505826063100137,0.017975359574759944,0.01662087028806584,2
GRC,Cons Disc,0.01287076441805224,0.01348787546318289,0.014272463895486934,0.015091424162048044,0.015084737761942468,0.01478076198469254,0.01441479863816309,0.014036717157561367,0.013435592150963313,0.01286081171021378,2
GRC,Cons Stap,0.011785344749498999,0.012330613126252506,0.013044735619238475,0.013775567611222445,0.013733725607214425,0.013434147210420846,0.01309750453306613,0.012755778849699398,0.012227003787575151,0.011728979779559121,2
GRC,Energy,0.015929581852173913,0.01626564582608695,0.016769765486956523,0.01726337282608696,0.017018009495652173,0.016547415608695656,0.016041779765217392,0.015538659956521738,0.014752715991304347,0.014008892452173913,2
GRC,Financials,0.012781668808049537,0.013056499535603715,0.013441067716718266,0.013700289984520124,0.013295942732198142,0.012857262623839008,0.012464167747678018,0.012101772058823528,0.011574045340557275,0.011078907832817337,2
GRC,Health Care,0.017744707127158553,0.018658500141287275,0.01981077050235478,0.0208673410989011,0.020287053689167965,0.0194354710989011,0.018597275164835163,0.017823039136577703,0.01663744562009419,0.015576482386185243,2
GRC,Industrials,0.023762723022840854,0.02368393394539616,0.023674200533547463,0.023231177153818713,0.021678698245895803,0.020447797005710196,0.01941380132048537,0.01851918840114203,0.01720792117416132,0.016016601295503217,2
GRC,Info Tech,0.008541342466843498,0.008994277198938996,0.009580435389920422,0.010358779448275858,0.010946665013262592,0.011150181803713528,0.011202443517241383,0.011166895061007964,0.011059545273209547,0.010895062864721482,1
GRC,Materials,0.014896263402020202,0.015588044347474751,0.016476561256565655,0.017358715301010106,0.017149805503030302,0.016639029919191913,0.016090516896969692,0.01555550045252525,0.014721957446464649,0.013953837620202018,2
GRC,Real Estate,0.007035838472573839,0.007404899434599153,0.007869953518987343,0.00846617854008439,0.00895870241350211,0.009195397375527426,0.009324911814345993,0.009380111856540084,0.00943274010126582,0.009412850143459914,1
GRC,Utilities,0.004151409037520391,0.004431290032626427,0.004866719086460032,0.005581728352365416,0.0064378528874388255,0.006874839477977161,0.007154735889070146,0.007324334551386624,0.0075505149755301796,0.007699158042414355,1
HRV,Communications,0.003416904926108374,0.0037291919704433496,0.004191030541871921,0.0049677538916256155,0.005887844581280788,0.0063603205911330046,0.006660228571428572,0.006847389162561576,0.007097039408866996,0.007266198620689655,1
HRV,Cons Disc,0.007268572938577112,0.007516768519664162,0.007849392669023422,0.008247284666372074,0.008521109443216969,0.008609080163499778,0.008640141931064958,0.008624896425099424,0.008599173787008396,0.008529220605391073,1
HRV,Cons Stap,0.010354982285556171,0.01062143774764804,0.01101155426674046,0.011433172639734356,0.011476527421140007,0.011324249706696186,0.011132928898727178,0.010919701079136692,0.010591924222468175,0.01026212023242944,1
HRV,Energy,3.40987735042735e-4,4.0426846153846153e-4,5.09854829059829e-4,7.827255128205128e-4,0.0014931467948717948,0.0020472710256410256,0.002527292905982906,0.002922678076923077,0.0035411787606837606,0.004042991965811966,1
HRV,Financials,0.011175018019047618,0.011377833866666668,0.011788968180952382,0.012268630542857144,0.012300709542857145,0.012042795942857143,0.011744220628571429,0.011426426266666666,0.010944857638095239,0.01049641559047619,2
HRV,Health Care,0.010620136108374385,0.010994641379310345,0.011479174630541872,0.011971214679802956,0.012000649507389162,0.011800270295566503,0.01155675487684729,0.011293525172413792,0.010888222906403941,0.01049101039408867,2
HRV,Industrials,0.013631278620361563,0.014014358568030448,0.014569859134157946,0.015131390218839198,0.01498232365842055,0.014607564448144622,0.014202362031398668,0.013796319215033303,0.01316731950047574,0.012574172854424357,2
HRV,Info Tech,5.13440612244898e-4,5.983855782312925e-4,7.390313605442177e-4,0.001086444761904762,0.0019170922448979591,0.0025270197959183674,0.0030316597278911566,0.003432064761904762,0.004042249931972789,0.004530501700680272,1
HRV,Materials,0.02180137897810219,0.022584106569343065,0.02344245532846715,0.023842169635036495,0.022445353503649634,0.021188766496350365,0.020095682116788322,0.01914797481751825,0.01773926226277372,0.01647581824817518,2
HRV,Real Estate,3.790526923076923e-4,4.7036038461538464e-4,6.176873076923077e-4,9.951038461538462e-4,0.0019196588461538463,0.002647254230769231,0.0032614296153846154,0.003762533076923077,0.004518621153846154,0.005121534230769231,1
IRL,Communications,0.002730203011583012,0.00304110444015444,0.0034914808880308883,0.0043529239382239385,0.005689254324324323,0.006451795752895753,0.006951607760617761,0.007274766409266409,0.007689174015444015,0.0079620413899613891,1
IRL,Cons Disc,0.0034294108413793095,0.003704809448275863,0.0040918963034482754,0.00478260724137931,0.005804910855172414,0.006431038896551724,0.006869955848275862,0.0071739238344827585,0.007585507268965517,0.007872876689655172,1
IRL,Cons Stap,0.001475412168087698,0.001650484263093788,0.0019292405846528624,0.0025159086845310597,0.003583216455542022,0.004260766638246041,0.004762523520097442,0.005126210913520097,0.005645959244823386,0.006043441546894032,1
IRL,Energy,0.011452267701949861,0.012134068147632312,0.012949246545961001,0.014194626894150419,0.015547166768802228,0.016166142799442895,0.016400290320334264,0.01643092983286908,0.016301455543175487,0.015976316866295266,2
IRL,Financials,0.0074486006993007,0.007712933146853147,0.008183844573426573,0.008889333146853147,0.009494491944055944,0.00966161358041958,0.009695270307692308,0.009644506517482518,0.009538869776223776,0.009405126951048951,1
IRL,Health Care,0.009804080325159914,0.00994339788379531,0.010161199013859276,0.010548831364605544,0.011118065538379532,0.011438513011727078,0.011605803374200427,0.011669580586353945,0.011700363230277186,0.011612708576759062,1
IRL,Industrials,0.00332953175888177,0.003573011904484566,0.003921056336633664,0.0045432527489807795,0.00548424089691322,0.00605314316249272,0.006454452352941176,0.006731304205008736,0.007113713016889924,0.007383316627839255,1
IRL,Info Tech,0.0013177969120654397,0.0015496606748466259,0.0018802371983640083,0.002581572372188139,0.0038848542740286297,0.004778105991820041,0.005445607341513292,0.005943498486707567,0.0066348239877300616,0.007148454703476482,1
IRL,Materials,0.005564499315300085,0.0059693890025359275,0.0065057067286559585,0.007515006846999154,0.00907110720202874,0.009972211141166526,0.010522915646661031,0.010854280464919696,0.01122178212172443,0.01137645614539307,1
IRL,Real Estate,6.301642574257426e-4,7.246642904290429e-4,8.800247194719472e-4,0.0012500733333333331,0.002089034224422442,0.0026910793729372938,0.003182665577557756,0.0035692333333333334,0.00415606801980198,0.0046238372277227725,1
IRL,Utilities,0.015011226244541489,0.015145015327510915,0.015296519170305679,0.015355095065502183,0.01516506829694323,0.01495545131004367,0.01470905524017467,0.014441619563318778,0.014000132751091703,0.013505761834061136,2
ITA,Communications,0.006088267459826947,0.0064435659641532755,0.006979096365883808,0.007850973889575608,0.008817690556242274,0.009254463864853728,0.009481214027606098,0.009577011116604861,0.009658849884631232,0.009663705185414092,1
ITA,Cons Disc,0.005750477306853581,0.005976878052959504,0.00634507214330218,0.006974151658878504,0.0077709137102803735,0.008165738484423677,0.008399634383177569,0.008521938892523366,0.008667012993769471,0.008733555503115265,1
ITA,Cons Stap,0.0023459019607843137,0.0025460033394607844,0.0028611107965686275,0.0034612302818627454,0.0044293990808823526,0.005016217634803921,0.005440955042892157,0.005740335606617647,0.00616595412377451,0.006484472708333334,1
ITA,Energy,0.014897781,0.014590399153846153,0.014358327025641026,0.013973839743589744,0.013388073615384615,0.012914888948717949,0.012514125833333332,0.01214276385897436,0.011608995192307693,0.011095717102564103,2
ITA,Financials,0.006394354778218534,0.006667770773530472,0.0071473158925351625,0.007905385209159751,0.008665804588892897,0.008946513588171655,0.00906777958168049,0.009086675939415796,0.009078621602957087,0.009024750077533358,1
ITA,Health Care,0.0020926525623700624,0.002329476413721413,0.0026917193347193347,0.003411364423076924,0.004600783154885655,0.005340666185031185,0.005870542494802495,0.006246548056133056,0.00676473867983368,0.007146692136174636,1
ITA,Industrials,0.004770156041971045,0.005091266136273075,0.005583907177580023,0.006409015615619605,0.007400721487581353,0.007883649997343607,0.008167016712710855,0.008319388124584938,0.008497760219152611,0.00859403899986718,1
ITA,Info Tech,0.0038239915099557526,0.004150213592367256,0.004626431131084071,0.005447075754977875,0.006529595356747788,0.007123992571902655,0.007509221131084071,0.007752245088495575,0.008063391432522124,0.008268720575221239,1
ITA,Materials,0.002967443212639895,0.0032167433969716923,0.003602835740618829,0.004321308248847926,0.005403656155365372,0.006020098005266623,0.006438473653719552,0.00671472974325214,0.007087116464779461,0.007350622047399606,1
ITA,Real Estate,0.0064569218993994005,0.006850775067567567,0.0074449145045045045,0.008383925825825827,0.009341812905405405,0.009739606426426427,0.009924157582582582,0.009979869962462463,0.009999031223723724,0.009951521929429429,1
ITA,Utilities,0.0026794660284951027,0.0028849654942119324,0.003228225031166518,0.003889744127337489,0.004924622061442565,0.005503224327693678,0.005896735560997329,0.0061542277560106854,0.006507096442564559,0.006762496211041852,1
LUX,Communications,0.002240042081784387,0.0024921486059479555,0.00288487843866171,0.0036661381784386616,0.004923273159851301,0.00567677031598513,0.006199989330855018,0.006558838401486989,0.007041720167286245,0.007393858661710037,1
LUX,Cons Disc,0.007298059808917196,0.007539868140127389,0.007902983414012738,0.0084652016433121,0.009074718203821656,0.009372183859872612,0.009534933681528662,0.009605261401273886,0.009671559808917197,0.009660964611464968,1
LUX,Cons Stap,0.003269514824447334,0.00354439100130039,0.003971366423927178,0.004758077919375813,0.005893551352405721,0.006512648881664499,0.006916356644993499,0.007170524278283486,0.007501418738621586,0.007729273485045514,1
LUX,Energy,0.011188103275862067,0.011064192610837437,0.010975016921182267,0.01081026411330049,0.010640001009852216,0.010501728226600985,0.010377864630541873,0.010242402044334976,0.010051920418719211,0.009821598349753694,1
LUX,Financials,0.007156642303609342,0.007136928280254777,0.007161819331210191,0.007231252781316348,0.0074768132590233545,0.00763920923566879,0.00776131347133758,0.007834063874734608,0.007950967452229299,0.007991266454352441,1
LUX,Health Care,0.0034076758653846157,0.003726954519230769,0.004181234423076923,0.005060331586538462,0.006412358605769231,0.007210772403846155,0.007738671153846154,0.008086293605769231,0.008527425673076924,0.00881529985576923,1
LUX,Industrials,0.009494144080645164,0.009394092016129034,0.00937660629032258,0.009417790258064516,0.00958568479032258,0.009666304612903225,0.009700862403225806,0.009684300161290323,0.009650924919354839,0.009559340612903226,1
LUX,Info Tech,0.005352198046875,0.006006082317708334,0.006842860364583334,0.008225979661458334,0.009849659661458333,0.010699077630208333,0.011176906093750001,0.011442815390625,0.011703697213541666,0.011800293802083332,1
LUX,Materials,0.007366928463508323,0.007628381562099873,0.008019000256081947,0.008678598297055059,0.009503842202304739,0.009875724110115237,0.010058832343149807,0.010120136261203585,0.01015585171574904,0.010105031856594109,1
LUX,Real Estate,0.008478701081081088,0.008993391527027026,0.009670675689189188,0.010516541108108107,0.010947757851351348,0.010996231797297302,0.010927593418918918,0.010799234905405405,0.01057198666216216,0.010324901391891891,1
MLT,Communications,0.0028714120792079213,0.0032260291089108908,0.0037427834983498358,0.0047029798349834985,0.006060966303630362,0.006836880264026402,0.007345015742574257,0.007677406402640264,0.008099477260726073,0.008387664554455446,1
MLT,Cons Disc,0.0025262975824175827,0.002842215366300366,0.00329696293040293,0.004154964304029304,0.005452531776556775,0.006239109267399267,0.006780961648351649,0.007154498937728938,0.007648258351648351,0.007997682252747253,1
MLT,Cons Stap,5.00405117370892e-4,5.916219248826291e-4,7.387232863849765e-4,0.0010960067605633804,0.0019267240375586854,0.002539533896713615,0.003045448122065728,0.003447923568075117,0.004059459953051643,0.004547548920187793,1
MLT,Energy,0.004597798333333333,0.005003388166666667,0.005614230666666667,0.006648708166666667,0.007830044583333334,0.008363212916666666,0.00864490025,0.008774468083333334,0.008898339583333333,0.008945360083333333,1
MLT,Financials,0.007719442617328518,0.007802634711191335,0.008090061714801445,0.00860816693140794,0.00920663703971119,0.00936871344765343,0.009396988176895308,0.009334906371841154,0.00921468010830325,0.009063196263537906,1
MLT,Industrials,7.706581666666667e-4,9.054503749999999e-4,0.0011112875,0.0015688462500000003,0.0024958397083333335,0.0031454914583333334,0.003659466583333333,0.004057079125,0.004646510041666667,0.0051089219583333335,1
MLT,Info Tech,0.0010497391986062719,0.0012465709756097562,0.001528804843205575,0.0021354150174216027,0.0032942005574912894,0.004104222299651568,0.004723499721254355,0.005194671533101046,0.005864149930313589,0.006369993240418119,1
MLT,Real Estate,0.0021482521576227384,0.0023828025322997414,0.0027442797157622746,0.003450443927648579,0.004575071227390181,0.005242310322997416,0.005707429379844962,0.006026933888888889,0.0064650636304909555,0.0067855910852713175,1
NLD,Communications,0.005238196873508353,0.0055506229116945105,0.006016440167064439,0.0067712283174224345,0.0076583052147971365,0.008103884105011934,0.00837101245823389,0.008518493735083532,0.008694134558472554,0.008783468914081145,1
NLD,Cons Disc,0.005116929119385343,0.00526647647754137,0.005537644196217493,0.00608919951536643,0.006969057588652482,0.007461102848699764,0.007778613516548463,0.007971312842789598,0.008217844609929078,0.008362466353427897,1
NLD,Cons Stap,0.0016895614103653355,0.0018818543245539506,0.002183050824129142,0.0027975243245539506,0.0038666285216652505,0.004531846117247239,0.005016130093457944,0.005361754732370433,0.005850363101104503,0.006219347723024639,1
NLD,Energy,0.0030482459196617337,0.003302087463002114,0.0036775399788583516,0.004428490465116279,0.005677687906976744,0.00643655399577167,0.00695779044397463,0.007311959915433404,0.007779875137420719,0.008101325137420718,1
NLD,Financials,0.003889449119551143,0.004032301687526975,0.004316690388433318,0.0048296917522658595,0.005558356637893828,0.0059451044497194645,0.0062113751747949935,0.006383569167026327,0.00663395988778593,0.006808820319378506,1
NLD,Health Care,0.003339116632462687,0.0036445842817164173,0.004057409151119403,0.004890721669776121,0.006322103656716419,0.007236433731343283,0.007865291921641792,0.00829948015858209,0.00885831041977612,0.009222702630597015,1
NLD,Industrials,0.005153108425076454,0.005335950495412844,0.005632918220183486,0.006178506201834864,0.006993509532110092,0.007454918688073395,0.007758361272171254,0.007946137305810397,0.008190700688073394,0.008336533795107032,1
NLD,Info Tech,0.0023913400630096366,0.0026656183728687916,0.0030559625352112674,0.0038319001816160122,0.005133054640474425,0.005970623988139362,0.006567995845070423,0.006993778587842846,0.007567109692364715,0.00797483938102298,1
NLD,Materials,0.001942779503267974,0.0021675525490196077,0.0025135042875816995,0.0032030656339869282,0.004346852588235294,0.005045634705882353,0.005544297490196078,0.005894699947712418,0.006381092405228758,0.006744178418300654,1
NLD,Real Estate,0.007386755018761727,0.007612799953095684,0.00797453808630394,0.008495961435272046,0.008964500562851783,0.00914037734521576,0.009214145684803,0.00921606866791745,0.009197082232645403,0.009128894305816135,1
NLD,Utilities,0.0021306232499999998,0.00256407375,0.00315077775,0.004385478583333333,0.006556878666666667,0.0080047665,0.009005970916666666,0.009712361333333334,0.01059686275,0.011173471166666667,1
NOR,Communications,0.006735454862068965,0.006949354482758621,0.007263219988505747,0.007844396206896552,0.00871069583908046,0.009207114494252874,0.00950967816091954,0.009682152045977012,0.009875301540229885,0.00994674896551724,1
NOR,Cons Disc,0.011911575828220859,0.012075624925503944,0.012317429605609114,0.012599630815074495,0.012728687248028047,0.012674302489044697,0.012546559921121823,0.01237256574057844,0.012080449964943034,0.011745039360210343,2
NOR,Cons Stap,0.0024549756148340932,0.0026618197852960324,0.0029664324202992847,0.00357817633702017,0.004650703005855564,0.005352455543266103,0.005869014866623292,0.006243889804814574,0.006767468575146388,0.00715203089785296,1
NOR,Energy,0.015208185990173852,0.015638663824640964,0.016209457157974318,0.016767934487906283,0.0166049276058201,0.01621417572751323,0.01577546081065759,0.015330982513227518,0.014627965602796672,0.013945152551020409,2
NOR,Financials,0.005973484325936976,0.006193862340108149,0.006611068114861085,0.007301501640872647,0.008078871025545404,0.008372896216669774,0.008506216106656722,0.008533277156442289,0.008540087426813352,0.008498343878426254,1
NOR,Health Care,0.004792987805642633,0.005168052142110763,0.005663690386624869,0.006592291729362591,0.008041597110762801,0.008956381692789969,0.009565505198537095,0.009973628061650992,0.01047164015151515,0.010768548349007315,1
NOR,Industrials,0.006607435024065161,0.006997544272491668,0.007541939527952605,0.008406132487967418,0.009369513546834504,0.00983977548685672,0.010093899485375788,0.010213622108478343,0.010320773113661606,0.010330670851536468,1
NOR,Info Tech,0.0036621815397864283,0.004068168753014124,0.004610711794695143,0.0056062758560110225,0.007078721057526697,0.007972750895625215,0.008565466727523252,0.00896120249052704,0.009452768935583878,0.009766925508095074,1
NOR,Materials,0.006338454071015689,0.0067364920644095785,0.0072626928488852185,0.008101179876135425,0.00912825436003303,0.009688795846407928,0.010023824137076795,0.010214609884393063,0.010422504541701074,0.010500531098265896,1
NOR,Real Estate,0.0058926032277924366,0.006111756314863675,0.006436578135444151,0.006993583131046614,0.007765836420404572,0.00818291340369393,0.008438793324538259,0.008581579991204924,0.008751665971855761,0.008825809806508355,1
NOR,Utilities,0.00818363779917469,0.008510433259972488,0.008985277070151306,0.009793607207702889,0.010765522049518571,0.011257039779917469,0.011511308088033011,0.011621061127922968,0.011692694511691885,0.01164833961485557,1
POL,Communications,0.005395173800949017,0.005851097244190291,0.006459374052804477,0.007527090405158778,0.008961340963620881,0.009780568215111321,0.010281437903637908,0.01058616289816279,0.01092435377661516,0.011089951961309163,1
POL,Cons Disc,0.010116182212469732,0.010647953573446334,0.01132794261097659,0.012225675872679576,0.012840063172921704,0.0130035610562954,0.01298585656174334,0.012874534839588376,0.012633720303672318,0.012330479270581115,2
POL,Cons Stap,0.01052944185870647,0.011025816519402987,0.011667066519402988,0.012493091717412934,0.01300438582885572,0.013102349237810946,0.01304080944477612,0.012897213818905472,0.01261609031840796,0.01228645425074627,2
POL,Energy,0.010174797128205128,0.010424312061538463,0.010779118420512821,0.011227385302564102,0.011518906410256411,0.011549213056410256,0.011484090697435898,0.011358512092307692,0.011136379846153847,0.010877045353846154,1
POL,Financials,0.010125376390053632,0.010690887668454415,0.011420546671867385,0.012427849059970745,0.013228949864456363,0.013507541473427597,0.013559493146757681,0.013492057573866406,0.013294048654314968,0.013010299507557289,2
POL,Health Care,0.006102525417182983,0.006593615489467164,0.007227233533663775,0.008283529748038,0.009623858779429987,0.010355213275505988,0.010779282414291616,0.011018177670384138,0.011261242942998758,0.011340411761668733,1
POL,Industrials,0.00929862972669646,0.009846146112958537,0.010562072508573203,0.011564421118154419,0.012367107631715689,0.012635495068585679,0.012686257602618729,0.01262121285825626,0.012438276700093526,0.012186391598773775,2
POL,Info Tech,0.007432756673769439,0.007919357170253574,0.00855083200617942,0.009527895031962493,0.010602806352013636,0.011145032176646067,0.011429188312380144,0.011560762970381416,0.01165783608352866,0.011626878602173452,1
POL,Materials,0.0070217546429189,0.007395477340480718,0.007921415825696006,0.008734367397544528,0.009581522740791975,0.0099494272799585,0.010121466482794396,0.010173912061213902,0.010190228993601938,0.01013104185197994,1
POL,Real Estate,0.011011604198696335,0.01158642061586873,0.012338196639694318,0.013342514866262077,0.01399455776354237,0.014123547183636774,0.01404755694088559,0.013871923942458977,0.013520791242975947,0.013118109999999997,2
POL,Utilities,0.011299017499999998,0.011455583414179103,0.011764567117537312,0.012261336767723882,0.012713623810634329,0.012811217975746268,0.012761409785447762,0.01262524036380597,0.012360831949626864,0.012041752005597015,2
PRT,Communications,0.01279980521038496,0.013445535666965085,0.014327664592658907,0.0153372236347359,0.01547558290957923,0.0152041921217547,0.014838991226499551,0.01444935861235452,0.01382107218442256,0.013225742076991943,2
PRT,Cons Disc,0.015852781960486315,0.01605415715805471,0.016412609133738598,0.01675906857142857,0.016485790927051675,0.016052899513677815,0.015592377066869303,0.015133570668693006,0.014414569848024318,0.013726476930091184,2
PRT,Cons Stap,0.0021084378795180724,0.0022872578795180725,0.0025851674457831324,0.0031885786506024097,0.004217914265060241,0.004822251012048193,0.0052487422409638555,0.005540867180722891,0.00595140778313253,0.006255439277108434,1
PRT,Energy,0.0015621804166666667,0.001755561,0.0020639353333333334,0.002716415166666667,0.00388462175,0.004608433666666667,0.0051301737500000005,0.005498819666666667,0.006013467083333333,0.006402082416666666,1
PRT,Financials,0.016153291317829457,0.016247648087855296,0.016508242583979333,0.016618010904392765,0.015967176537467702,0.015292008914728684,0.014687923591731263,0.014136492764857884,0.013326003875968993,0.012590887416020671,2
PRT,Health Care,0.025423720727272725,0.02612783809090909,0.026876170454545455,0.026985738909090912,0.025044617999999998,0.023418657363636363,0.022048188454545457,0.02088285172727273,0.01917444627272727,0.01765441472727273,2
PRT,Industrials,0.02361279925925926,0.023260653435185186,0.022954522685185184,0.02213580213888889,0.020417270333333334,0.019118408481481483,0.018069299222222224,0.017174806333333334,0.01589513403703704,0.014744086268518518,2
PRT,Info Tech,0.035387175093333334,0.03530981418666666,0.035222209573333337,0.03408278698666667,0.030651682800000003,0.028140216026666668,0.02614580664,0.024505832426666666,0.0221576092,0.020096841866666666,2
PRT,Materials,0.005446012709284627,0.005793789528158296,0.006300172024353119,0.007072671628614916,0.007859596042617961,0.008204307884322679,0.008388584855403348,0.00846927202435312,0.008554442100456621,0.00857653187214612,1
PRT,Real Estate,0.0020033964285714285,0.0022496176623376628,0.002625049285714286,0.0033692496753246755,0.004568057922077922,0.005280672142857143,0.005774658181818181,0.006112397727272728,0.0065705692207792205,0.006906426038961039,1
PRT,Utilities,0.0020534939926739925,0.002196251501831502,0.0024621286813186812,0.0030245332967032967,0.004027106263736264,0.004595963663003663,0.004993299304029304,0.005258036007326008,0.005632256556776557,0.005912314322344322,1
SVK,Cons Disc,0.0030700439037433156,0.003291456898395722,0.003643825989304813,0.004283682620320855,0.0052190223529411765,0.005700787112299466,0.006010776524064171,0.006197917165775401,0.006451020160427807,0.0066237243315508025,1
SVK,Energy,0.00194703640625,0.0022472575,0.00269735625,0.0036169089062500002,0.00511863859375,0.00604572421875,0.00668732390625,0.00713123703125,0.0077137990625,0.00813616328125,1
SVK,Financials,0.017327245565031978,0.017317883965884854,0.017413285607675903,0.01717950942430704,0.01610781130063966,0.01518739609808102,0.014425082707889128,0.013761397420042645,0.012815840405117272,0.011974649936034117,2
SVK,Health Care,0.0017261515,0.0019472820416666667,0.0022456124166666666,0.0028544507083333335,0.003985677833333333,0.004737839208333333,0.005293912958333333,0.00570248875,0.0062758970416666665,0.006693158625,1
SVK,Industrials,0.025478121180555556,0.024941392430555553,0.024397463958333334,0.02308470152777778,0.020663218263888887,0.018977034444444447,0.017689130416666667,0.01663654590277778,0.015172442222222221,0.013885934166666666,2
SVK,Info Tech,4.683e-4,5.726565517241379e-4,7.395379310344828e-4,0.0011548375862068965,0.0021282675862068965,0.002870677931034483,0.003484523448275862,0.0039769131034482754,0.00471233724137931,0.005295396206896552,1
SVK,Materials,0.011237021926605506,0.011064422201834864,0.01095979224770642,0.010701061697247707,0.010186710321100918,0.009794898440366972,0.009498193899082569,0.009242409128440368,0.008911148165137614,0.008593670917431193,1
SVN,Communications,0.0015986294166666667,0.0017378069166666666,0.0019832869166666665,0.0025155535,0.0035179485,0.004121052,0.004558675916666667,0.004864266416666666,0.00530308,0.0056381251666666665,1
SVN,Cons Disc,0.014502687046875006,0.013800435578124997,0.013103880109374999,0.01215490115625,0.01134034009375,0.010852945984375001,0.010502868406249997,0.010200131562500001,0.009800651375,0.009406145546875,1
SVN,Cons Stap,0.006280303113553114,0.0066410652747252745,0.007162505787545788,0.007930365311355311,0.00864497468864469,0.00890290183150183,0.009003874395604395,0.009008497472527473,0.008978671648351647,0.008898369084249085,1
SVN,Financials,0.006403589352159469,0.006694737956810632,0.0071296153654485045,0.007796850398671096,0.008534816046511629,0.008837972558139536,0.00897846380398671,0.009014758305647842,0.009029984003322259,0.008967639551495018,1
SVN,Health Care,7.952502916666667e-4,9.060900833333333e-4,0.0010832876250000002,0.001483729125,0.002333459875,0.0029233127916666666,0.0033955243750000003,0.0037609623333333332,0.004312318708333334,0.004748911416666666,1
SVN,Industrials,0.008846053607748185,0.009236436803874093,0.009776079927360775,0.010458029249394672,0.0108194797094431,0.010837518983050846,0.01075523818401937,0.01061793210653753,0.010385953898305085,0.010134776973365617,1
SVN,Info Tech,0.0023356395283018866,0.002682915,0.003198407924528302,0.004222430754716981,0.005795490566037736,0.006725818679245283,0.0073429019811320755,0.007752877735849057,0.008270239245283018,0.008630795471698113,1
SVN,Materials,0.0038786225691699607,0.004133142134387351,0.0045533227272727276,0.005290574624505929,0.006256463596837945,0.0067486702371541505,0.007060750553359684,0.007248418774703557,0.00749536233201581,0.007656916166007905,1
SVN,Real Estate,3.62501e-4,4.3736000000000003e-4,5.60579e-4,8.78346e-4,0.001686372,0.002316266,0.002854385,0.003294272,0.003970703,0.004515412,1
SVN,Utilities,0.004071648414634146,0.004466557682926829,0.005019299146341464,0.005993697926829268,0.007278321707317073,0.00792983975609756,0.008309588536585366,0.008519855731707318,0.008755811829268293,0.008882155731707317,1
SWE,Communications,0.009270739860843502,0.009701578381502894,0.010250546713765789,0.011073513977734963,0.011928779847998288,0.012335011920359663,0.01251604853778634,0.01256617803682295,0.012547176754442302,0.012410177075572681,2
SWE,Cons Disc,0.00622878680222279,0.006607216169487242,0.007111406662035864,0.007924393785046736,0.008902936504167718,0.009411944132356657,0.009704199232129321,0.00986024392523364,0.01002367180601162,0.010073786461227576,1
SWE,Cons Stap,0.005369188789048789,0.005786810895050895,0.006335260175500178,0.007245369403299402,0.008379659877149878,0.008991077893997893,0.009355061435591434,0.009565536223236222,0.00980019176202176,0.009905725594945593,1
SWE,Energy,0.010974575089285716,0.01161057526785714,0.012388945364010992,0.013485087980769231,0.014436587259615384,0.014816674251373625,0.014918531600274725,0.014876197032967033,0.01468511076923077,0.014372442074175824,2
SWE,Financials,0.004118261217543094,0.004442132618372246,0.004914294344315951,0.005734474713070041,0.006833250421121536,0.007444313480253109,0.007839537560549857,0.008090718546803405,0.008409515053458435,0.008609614147938031,1
SWE,Health Care,0.004322307028561604,0.004687881958017888,0.005167965890685927,0.006073130002294098,0.007512522600367037,0.008429630314865814,0.009047388534067462,0.009467138669419584,0.009988566484285383,0.010306284622046332,1
SWE,Industrials,0.005480553583430572,0.0058352870758459725,0.0063112402852975496,0.007107456814469078,0.008150797202450408,0.00873804367386231,0.009104583231621936,0.009326716127187865,0.009588849163360558,0.00972372816161027,1
SWE,Info Tech,0.005175001790801194,0.005592150911721064,0.006140661646142433,0.007111697942878331,0.008466233130563796,0.009263605413946583,0.009766634425816031,0.010083880203264095,0.01045270623145401,0.010651415448813057,1
SWE,Materials,0.0044406778540423235,0.004797769045035267,0.0052774437167661436,0.006142159682582746,0.00742268250678242,0.008194709698860556,0.008703099424850785,0.009036428147042865,0.009448646904503527,0.009698341190992946,1
SWE,Real Estate,0.007719074648713966,0.007974491538063178,0.008366896102192302,0.008948746112549632,0.009505002522009321,0.009698160134645264,0.009760667301916109,0.009738210471258417,0.009670661757293284,0.009553516236837563,1
SWE,Utilities,0.00277700497716895,0.0030648329375951295,0.003489345083713851,0.004334664946727549,0.0057120907001522074,0.006570955738203958,0.007165141719939117,0.007575590121765602,0.00811222494672755,0.008484456894977168,1
USA,Communications,0.027236562245408723,0.026115169623863708,0.024858248106805075,0.0229591352184314,0.020960983978506487,0.019752727393912626,0.018829099520444596,0.018051454633248688,0.016944186579073275,0.015855402196459464,2
USA,Cons Disc,0.01874948642637692,0.01829554892633946,0.017821181470513307,0.017092006745447724,0.016291574215211695,0.01575843291764707,0.015307696461895838,0.014891830754289992,0.014273894807943048,0.013631260768977147,2
USA,Cons Stap,0.02557075527639935,0.024327188332581462,0.022914760776971927,0.02085488977582677,0.01891228079362876,0.017816320109310477,0.017013918306555156,0.016350387583023908,0.015426505617170419,0.014497445045285771,2
USA,Energy,0.028394112374779346,0.02736233909415887,0.02619778941608986,0.02435234952015748,0.022210724133749637,0.02087919436450831,0.019850465105198868,0.018986295527577992,0.017749226851952453,0.016556708640559237,2
USA,Financials,0.010203224192319494,0.010238173372729002,0.010418336569837424,0.010691756902736401,0.010893906000315399,0.010846798902786208,0.010731931657938206,0.010567967402375358,0.010308646867711867,0.010030171616688937,1
USA,Health Care,0.0172773109816054,0.016998589133420852,0.016714706136814795,0.016389521721311463,0.016301875316822527,0.016248192492475666,0.01611681119140627,0.0159276522928407,0.015576109060738991,0.015101715400470684,2
USA,Industrials,0.01722886357877334,0.016725953941610344,0.016193159325175628,0.015441062550630687,0.014791072008817272,0.014390701939180637,0.014055385158623819,0.013737340670440714,0.01326669896158711,0.012748109911200737,2
USA,Info Tech,0.01818464979959819,0.01753275878391467,0.016821336407895092,0.015861821712854256,0.015162511949197677,0.014800139811699807,0.014509439417794125,0.014232279886366377,0.013818096795023833,0.013326420857516284,2
USA,Materials,0.02457170956754997,0.023515117014144007,0.022317955723297037,0.02057239951877744,0.018944056407088336,0.018003113314257805,0.01728793757990566,0.01667704824028613,0.0158061304370021,0.014911030479271654,2
USA,Real Estate,0.009186650567561969,0.009115338219291584,0.00909239390008976,0.009107127747704202,0.00928372884726921,0.009367234678243458,0.009401736474487325,0.009385035543050473,0.009354615588621145,0.009255155141890492,1
USA,Utilities,0.008875061839362873,0.008658251279335765,0.008483485587562482,0.008351324768279251,0.00854934739811912,0.008667972612895026,0.008737346534779294,0.008747583508430062,0.008761038557146487,0.008697121825806998,1
